symbol,timestamp,open,high,low,close,volume
AAPL,2026-03-10 09:30:00,150.0,150.14,149.75,149.85,21883
TSLA,2026-03-10 09:30:00,650.0,650.0,648.28,648.33,29685
AAPL,2026-03-10 09:31:00,149.85,149.98,149.66,149.97,25301
TSLA,2026-03-10 09:31:00,648.33,653.85,648.14,653.83,40054
AAPL,2026-03-10 09:32:00,149.97,150.25,149.94,150.1,13383
TSLA,2026-03-10 09:32:00,653.83,654.84,653.72,654.78,34205
AAPL,2026-03-10 09:33:00,150.1,150.19,150.03,150.12,48784
TSLA,2026-03-10 09:33:00,654.78,654.8,653.47,653.53,12933
AAPL,2026-03-10 09:34:00,150.12,150.27,149.99,150.04,49670
TSLA,2026-03-10 09:34:00,653.53,653.57,650.08,650.16,13984
AAPL,2026-03-10 09:35:00,150.04,150.2,149.62,149.71,20313
TSLA,2026-03-10 09:35:00,650.16,651.45,650.11,651.41,10606
AAPL,2026-03-10 09:36:00,149.71,149.82,149.47,149.53,38127
TSLA,2026-03-10 09:36:00,651.41,651.48,651.27,651.46,17074
TSLA,2026-03-10 09:37:00,651.46,653.22,651.33,653.22,20241
AAPL,2026-03-10 09:37:00,149.53,149.64,149.31,149.55,44021
TSLA,2026-03-10 09:38:00,653.22,654.55,653.19,654.53,5812
AAPL,2026-03-10 09:38:00,149.55,149.63,149.19,149.4,17673
TSLA,2026-03-10 09:39:00,654.53,655.5,654.47,655.37,37583
AAPL,2026-03-10 09:39:00,149.4,149.56,149.01,149.16,18418
TSLA,2026-03-10 09:40:00,655.37,655.42,654.26,654.36,43238
AAPL,2026-03-10 09:40:00,149.16,149.29,149.07,149.1,34219
AAPL,2026-03-10 09:41:00,149.1,149.19,149.09,149.13,12376
TSLA,2026-03-10 09:41:00,654.36,658.02,654.32,657.93,7865
AAPL,2026-03-10 09:42:00,149.13,149.35,148.93,149.22,6911
TSLA,2026-03-10 09:42:00,657.93,659.62,657.78,659.55,25114
AAPL,2026-03-10 09:43:00,149.22,149.36,148.89,149.02,39901
TSLA,2026-03-10 09:43:00,659.55,659.58,657.59,657.62,36741
AAPL,2026-03-10 09:44:00,149.02,149.24,148.98,149.18,34101
TSLA,2026-03-10 09:44:00,657.62,657.69,656.38,656.45,47883
TSLA,2026-03-10 09:45:00,656.45,656.48,656.39,656.41,9363
AAPL,2026-03-10 09:45:00,149.18,149.32,148.83,148.91,16452
AAPL,2026-03-10 09:46:00,148.91,148.99,148.78,148.85,7653
TSLA,2026-03-10 09:46:00,656.41,656.45,652.26,652.33,7560
TSLA,2026-03-10 09:47:00,652.33,655.0,652.29,655.0,25179
AAPL,2026-03-10 09:47:00,148.85,149.02,148.83,148.97,33127
AAPL,2026-03-10 09:48:00,148.97,149.0,148.95,148.99,9910
TSLA,2026-03-10 09:48:00,655.0,657.18,654.9,657.01,39830
TSLA,2026-03-10 09:49:00,657.01,658.39,657.0,658.24,31830
AAPL,2026-03-10 09:49:00,148.99,149.42,148.97,149.38,49370
AAPL,2026-03-10 09:50:00,149.38,149.51,149.37,149.38,13026
TSLA,2026-03-10 09:50:00,658.24,658.37,656.11,656.32,21951
AAPL,2026-03-10 09:51:00,149.38,149.45,148.79,148.99,6452
TSLA,2026-03-10 09:51:00,656.32,656.34,655.91,655.95,9564
AAPL,2026-03-10 09:52:00,148.99,149.08,148.93,149.01,30375
TSLA,2026-03-10 09:52:00,655.95,656.62,655.86,656.55,27647
TSLA,2026-03-10 09:53:00,656.55,656.56,656.44,656.52,32674
AAPL,2026-03-10 09:53:00,149.01,149.2,148.95,149.18,14294
TSLA,2026-03-10 09:54:00,656.52,658.5,656.43,658.32,16495
AAPL,2026-03-10 09:54:00,149.18,149.25,149.13,149.18,5625
TSLA,2026-03-10 09:55:00,658.32,658.47,658.29,658.42,48046
AAPL,2026-03-10 09:55:00,149.18,149.23,148.81,148.93,18094
AAPL,2026-03-10 09:56:00,148.93,149.21,148.92,149.12,8688
TSLA,2026-03-10 09:56:00,658.42,658.42,656.19,656.3,39369
TSLA,2026-03-10 09:57:00,656.3,656.34,655.99,656.07,5796
AAPL,2026-03-10 09:57:00,149.12,149.45,149.05,149.41,18322
AAPL,2026-03-10 09:58:00,149.41,149.44,148.98,149.04,28382
TSLA,2026-03-10 09:58:00,656.07,656.13,654.88,655.05,37017
TSLA,2026-03-10 09:59:00,655.05,655.14,653.13,653.19,27112
AAPL,2026-03-10 09:59:00,149.04,149.08,148.89,148.99,16768
TSLA,2026-03-10 10:00:00,653.19,654.76,653.18,654.71,37164
AAPL,2026-03-10 10:00:00,148.99,149.14,148.86,148.93,23648
AAPL,2026-03-10 10:01:00,148.93,149.14,148.83,149.08,12146
TSLA,2026-03-10 10:01:00,654.71,654.72,653.44,653.48,18248
AAPL,2026-03-10 10:02:00,149.08,149.26,148.99,149.25,39558
TSLA,2026-03-10 10:02:00,653.48,653.52,653.23,653.27,13277
AAPL,2026-03-10 10:03:00,149.25,149.65,149.23,149.54,49726
TSLA,2026-03-10 10:03:00,653.27,657.24,653.25,657.2,26544
TSLA,2026-03-10 10:04:00,657.2,657.27,655.76,655.84,34540
AAPL,2026-03-10 10:04:00,149.54,149.54,149.18,149.27,14417
AAPL,2026-03-10 10:05:00,149.27,149.35,149.02,149.03,19652
TSLA,2026-03-10 10:05:00,655.84,655.89,655.52,655.7,47936
TSLA,2026-03-10 10:06:00,655.7,658.42,655.68,658.31,22508
AAPL,2026-03-10 10:06:00,149.03,149.15,148.86,148.86,20851
AAPL,2026-03-10 10:07:00,148.86,149.23,148.79,149.12,29115
TSLA,2026-03-10 10:07:00,658.31,661.33,658.22,661.28,30176
AAPL,2026-03-10 10:08:00,149.12,149.41,149.09,149.21,48716
TSLA,2026-03-10 10:08:00,661.28,661.34,660.43,660.46,11359
AAPL,2026-03-10 10:09:00,149.21,149.47,149.18,149.4,23447
TSLA,2026-03-10 10:09:00,660.46,663.87,660.38,663.87,17375
AAPL,2026-03-10 10:10:00,149.4,149.6,149.4,149.48,25267
TSLA,2026-03-10 10:10:00,663.87,663.96,661.83,661.83,37213
TSLA,2026-03-10 10:11:00,661.83,661.87,660.18,660.29,46513
AAPL,2026-03-10 10:11:00,149.48,149.48,149.2,149.3,49723
TSLA,2026-03-10 10:12:00,660.29,660.34,658.23,658.43,42072
AAPL,2026-03-10 10:12:00,149.3,149.35,148.78,149.02,32542
TSLA,2026-03-10 10:13:00,658.43,658.49,657.89,658.06,22611
AAPL,2026-03-10 10:13:00,149.02,149.05,148.68,148.75,24189
AAPL,2026-03-10 10:14:00,148.75,149.17,148.66,148.84,43295
TSLA,2026-03-10 10:14:00,658.06,659.62,658.02,659.57,47712
TSLA,2026-03-10 10:15:00,659.57,659.64,658.44,658.49,12540
AAPL,2026-03-10 10:15:00,148.84,148.87,148.66,148.78,22206
TSLA,2026-03-10 10:16:00,658.49,658.53,658.2,658.29,34737
AAPL,2026-03-10 10:16:00,148.78,148.79,148.59,148.72,7056
TSLA,2026-03-10 10:17:00,658.29,658.5,658.18,658.31,23325
AAPL,2026-03-10 10:17:00,148.72,148.79,148.6,148.69,14128
AAPL,2026-03-10 10:18:00,148.69,148.82,148.1,148.31,47773
TSLA,2026-03-10 10:18:00,658.31,658.98,658.21,658.77,19257
TSLA,2026-03-10 10:19:00,658.77,661.05,658.73,661.02,14126
AAPL,2026-03-10 10:19:00,148.31,148.46,148.17,148.45,25146
TSLA,2026-03-10 10:20:00,661.02,661.7,660.94,661.54,36399
AAPL,2026-03-10 10:20:00,148.45,148.76,148.38,148.75,6883
AAPL,2026-03-10 10:21:00,148.75,149.15,148.72,149.04,27389
TSLA,2026-03-10 10:21:00,661.54,661.57,660.79,660.91,18498
AAPL,2026-03-10 10:22:00,149.04,149.36,149.02,149.26,10487
TSLA,2026-03-10 10:22:00,660.91,660.95,659.26,659.32,18065
AAPL,2026-03-10 10:23:00,149.26,149.31,149.16,149.2,12554
TSLA,2026-03-10 10:23:00,659.32,660.97,659.28,660.92,21624
AAPL,2026-03-10 10:24:00,149.2,149.53,149.07,149.35,38863
TSLA,2026-03-10 10:24:00,660.92,660.93,659.51,659.61,28563
TSLA,2026-03-10 10:25:00,659.61,659.75,656.8,656.95,39687
AAPL,2026-03-10 10:25:00,149.35,149.4,149.28,149.37,19690
TSLA,2026-03-10 10:26:00,656.95,662.49,656.93,662.48,13846
AAPL,2026-03-10 10:26:00,149.37,149.64,149.31,149.48,5397
TSLA,2026-03-10 10:27:00,662.48,663.38,662.47,663.19,29632
AAPL,2026-03-10 10:27:00,149.48,149.67,149.24,149.62,26534
TSLA,2026-03-10 10:28:00,663.19,665.06,663.12,665.0,29737
AAPL,2026-03-10 10:28:00,149.62,150.17,149.6,150.04,36210
TSLA,2026-03-10 10:29:00,665.0,665.29,664.9,665.12,44980
AAPL,2026-03-10 10:29:00,150.04,150.08,149.94,150.0,42595
TSLA,2026-03-10 10:30:00,665.12,665.21,662.75,662.76,35342
AAPL,2026-03-10 10:30:00,150.0,150.22,149.96,150.09,44399
TSLA,2026-03-10 10:31:00,662.76,664.35,662.68,664.24,8421
AAPL,2026-03-10 10:31:00,150.09,150.36,149.86,150.35,6009
AAPL,2026-03-10 10:32:00,150.35,150.41,150.28,150.28,30983
TSLA,2026-03-10 10:32:00,664.24,666.11,664.07,666.09,26114
AAPL,2026-03-10 10:33:00,150.28,150.51,150.23,150.37,28243
TSLA,2026-03-10 10:33:00,666.09,666.1,664.96,665.13,24383
TSLA,2026-03-10 10:34:00,665.13,665.21,662.43,662.49,14298
AAPL,2026-03-10 10:34:00,150.37,150.42,149.94,150.1,18690
AAPL,2026-03-10 10:35:00,150.1,150.4,150.05,150.34,17864
TSLA,2026-03-10 10:35:00,662.49,662.59,661.54,661.65,13077
AAPL,2026-03-10 10:36:00,150.34,150.37,150.04,150.14,39396
TSLA,2026-03-10 10:36:00,661.65,662.52,661.6,662.49,5865
TSLA,2026-03-10 10:37:00,662.49,662.54,660.65,660.72,39439
AAPL,2026-03-10 10:37:00,150.14,150.23,150.11,150.13,43829
AAPL,2026-03-10 10:38:00,150.13,150.29,149.96,150.07,31661
TSLA,2026-03-10 10:38:00,660.72,661.12,660.64,661.09,6344
AAPL,2026-03-10 10:39:00,150.07,150.13,150.01,150.11,21328
TSLA,2026-03-10 10:39:00,661.09,664.85,660.92,664.85,17147
TSLA,2026-03-10 10:40:00,664.85,664.97,663.48,663.55,17008
AAPL,2026-03-10 10:40:00,150.11,150.12,149.9,149.95,34610
TSLA,2026-03-10 10:41:00,663.55,663.61,662.84,662.91,37362
AAPL,2026-03-10 10:41:00,149.95,150.27,149.79,150.24,39228
AAPL,2026-03-10 10:42:00,150.24,150.49,150.16,150.21,6912
TSLA,2026-03-10 10:42:00,662.91,662.98,661.12,661.21,23451
TSLA,2026-03-10 10:43:00,661.21,661.29,658.9,658.98,18548
AAPL,2026-03-10 10:43:00,150.21,150.29,149.96,149.99,23634
AAPL,2026-03-10 10:44:00,149.99,150.1,149.6,149.61,31115
TSLA,2026-03-10 10:44:00,658.98,659.2,657.27,657.29,27919
AAPL,2026-03-10 10:45:00,149.61,149.94,149.59,149.8,6152
TSLA,2026-03-10 10:45:00,657.29,658.5,657.22,658.4,5059
AAPL,2026-03-10 10:46:00,149.8,149.84,149.55,149.62,39681
TSLA,2026-03-10 10:46:00,658.4,663.31,658.35,663.26,31339
AAPL,2026-03-10 10:47:00,149.62,149.64,149.53,149.59,32391
TSLA,2026-03-10 10:47:00,663.26,663.32,662.69,662.72,45136
AAPL,2026-03-10 10:48:00,149.59,149.64,149.15,149.19,42876
TSLA,2026-03-10 10:48:00,662.72,663.52,662.66,663.47,46763
AAPL,2026-03-10 10:49:00,149.19,149.22,148.72,148.99,10931
TSLA,2026-03-10 10:49:00,663.47,665.19,663.4,665.08,35630
TSLA,2026-03-10 10:50:00,665.08,665.08,663.48,663.48,36733
AAPL,2026-03-10 10:50:00,148.99,149.09,148.97,148.99,40720
TSLA,2026-03-10 10:51:00,663.48,669.32,663.46,669.22,34680
AAPL,2026-03-10 10:51:00,148.99,149.12,148.87,149.11,18309
TSLA,2026-03-10 10:52:00,669.22,669.34,668.95,669.04,45501
AAPL,2026-03-10 10:52:00,149.11,149.23,149.0,149.05,31792
TSLA,2026-03-10 10:53:00,669.04,669.05,667.16,667.17,34734
AAPL,2026-03-10 10:53:00,149.05,149.19,148.92,149.1,35173
AAPL,2026-03-10 10:54:00,149.1,149.2,149.06,149.17,22570
TSLA,2026-03-10 10:54:00,667.17,667.3,665.75,665.9,43880
AAPL,2026-03-10 10:55:00,149.17,149.61,149.06,149.46,19765
TSLA,2026-03-10 10:55:00,665.9,668.25,665.65,668.1,16960
TSLA,2026-03-10 10:56:00,668.1,670.14,668.08,670.06,44989
AAPL,2026-03-10 10:56:00,149.46,149.55,149.34,149.52,37195
TSLA,2026-03-10 10:57:00,670.06,670.1,669.01,669.11,47636
AAPL,2026-03-10 10:57:00,149.52,149.92,149.47,149.89,5010
AAPL,2026-03-10 10:58:00,149.89,150.38,149.81,150.11,19302
TSLA,2026-03-10 10:58:00,669.11,670.47,669.02,670.32,12250
TSLA,2026-03-10 10:59:00,670.32,670.37,665.97,666.05,31300
AAPL,2026-03-10 10:59:00,150.11,150.53,150.02,150.5,37914
AAPL,2026-03-10 11:00:00,150.5,150.75,150.48,150.6,15423
TSLA,2026-03-10 11:00:00,666.05,666.78,666.03,666.59,12975
TSLA,2026-03-10 11:01:00,666.59,666.78,666.52,666.78,16685
AAPL,2026-03-10 11:01:00,150.6,150.76,150.48,150.7,28398
TSLA,2026-03-10 11:02:00,666.78,666.87,664.57,664.59,21131
AAPL,2026-03-10 11:02:00,150.7,151.03,150.7,150.87,41968
AAPL,2026-03-10 11:03:00,150.87,150.95,150.74,150.78,5581
TSLA,2026-03-10 11:03:00,664.59,664.65,664.07,664.16,25115
TSLA,2026-03-10 11:04:00,664.16,664.18,658.87,658.95,29543
AAPL,2026-03-10 11:04:00,150.78,151.37,150.69,151.29,20031
AAPL,2026-03-10 11:05:00,151.29,151.45,151.27,151.3,33630
TSLA,2026-03-10 11:05:00,658.95,659.16,655.09,655.1,21492
TSLA,2026-03-10 11:06:00,655.1,656.1,655.09,655.97,9145
AAPL,2026-03-10 11:06:00,151.3,151.36,151.23,151.27,44416
AAPL,2026-03-10 11:07:00,151.27,151.35,151.0,151.07,46556
TSLA,2026-03-10 11:07:00,655.97,656.01,653.58,653.6,24570
AAPL,2026-03-10 11:08:00,151.07,151.15,151.0,151.13,49464
TSLA,2026-03-10 11:08:00,653.6,653.61,653.34,653.35,44290
AAPL,2026-03-10 11:09:00,151.13,151.17,150.85,150.92,15363
TSLA,2026-03-10 11:09:00,653.35,653.41,651.05,651.2,18039
TSLA,2026-03-10 11:10:00,651.2,651.92,651.1,651.86,18529
AAPL,2026-03-10 11:10:00,150.92,151.07,150.74,150.99,17794
TSLA,2026-03-10 11:11:00,651.86,651.87,649.73,649.79,27721
AAPL,2026-03-10 11:11:00,150.99,151.03,150.84,150.98,16125
TSLA,2026-03-10 11:12:00,649.79,650.03,649.79,649.9,8870
AAPL,2026-03-10 11:12:00,150.98,151.29,150.8,151.15,48319
TSLA,2026-03-10 11:13:00,649.9,649.97,649.72,649.74,17257
AAPL,2026-03-10 11:13:00,151.15,151.28,150.98,151.0,41186
TSLA,2026-03-10 11:14:00,649.74,650.77,649.71,650.7,38714
AAPL,2026-03-10 11:14:00,151.0,151.11,150.68,150.78,46973
AAPL,2026-03-10 11:15:00,150.78,151.05,150.6,151.03,9121
TSLA,2026-03-10 11:15:00,650.7,653.92,650.63,653.78,37915
TSLA,2026-03-10 11:16:00,653.78,653.79,653.43,653.56,44688
AAPL,2026-03-10 11:16:00,151.03,151.14,150.95,151.02,31717
TSLA,2026-03-10 11:17:00,653.56,653.67,649.76,649.89,41930
AAPL,2026-03-10 11:17:00,151.02,151.33,150.98,151.23,33345
AAPL,2026-03-10 11:18:00,151.23,151.32,151.08,151.29,8213
TSLA,2026-03-10 11:18:00,649.89,649.91,648.86,648.97,12220
AAPL,2026-03-10 11:19:00,151.29,151.63,151.18,151.58,39029
TSLA,2026-03-10 11:19:00,648.97,648.98,648.6,648.62,31283
TSLA,2026-03-10 11:20:00,648.62,652.24,648.48,652.2,24224
AAPL,2026-03-10 11:20:00,151.58,151.73,151.52,151.54,21780
AAPL,2026-03-10 11:21:00,151.54,151.57,151.36,151.49,48911
TSLA,2026-03-10 11:21:00,652.2,652.42,652.01,652.02,43988
TSLA,2026-03-10 11:22:00,652.02,653.71,652.0,653.56,47695
AAPL,2026-03-10 11:22:00,151.49,151.76,151.47,151.7,17045
AAPL,2026-03-10 11:23:00,151.7,151.75,151.49,151.67,17607
TSLA,2026-03-10 11:23:00,653.56,653.62,653.46,653.5,25961
TSLA,2026-03-10 11:24:00,653.5,654.74,653.39,654.72,26570
AAPL,2026-03-10 11:24:00,151.67,151.78,151.22,151.42,28405
AAPL,2026-03-10 11:25:00,151.42,151.57,151.42,151.48,13914
TSLA,2026-03-10 11:25:00,654.72,654.81,651.63,651.64,10936
AAPL,2026-03-10 11:26:00,151.48,151.55,151.43,151.52,21292
TSLA,2026-03-10 11:26:00,651.64,652.45,651.55,652.42,11930
AAPL,2026-03-10 11:27:00,151.52,151.69,151.33,151.66,28586
TSLA,2026-03-10 11:27:00,652.42,654.73,652.4,654.6,35244
AAPL,2026-03-10 11:28:00,151.66,151.76,151.64,151.7,25059
TSLA,2026-03-10 11:28:00,654.6,656.04,654.58,655.87,25314
TSLA,2026-03-10 11:29:00,655.87,658.26,655.8,658.18,38780
AAPL,2026-03-10 11:29:00,151.7,152.0,151.67,151.91,42905
TSLA,2026-03-10 11:30:00,658.18,658.29,655.04,655.04,23891
AAPL,2026-03-10 11:30:00,151.91,152.08,151.68,151.77,33979
TSLA,2026-03-10 11:31:00,655.04,655.19,653.75,653.83,31399
AAPL,2026-03-10 11:31:00,151.77,152.44,151.7,152.29,31069
AAPL,2026-03-10 11:32:00,152.29,152.61,152.19,152.46,26883
TSLA,2026-03-10 11:32:00,653.83,653.89,653.18,653.26,48007
AAPL,2026-03-10 11:33:00,152.46,152.55,152.17,152.32,42861
TSLA,2026-03-10 11:33:00,653.26,653.33,650.92,650.95,28647
AAPL,2026-03-10 11:34:00,152.32,152.33,151.93,152.09,24765
TSLA,2026-03-10 11:34:00,650.95,652.59,650.94,652.43,38034
AAPL,2026-03-10 11:35:00,152.09,152.43,152.02,152.38,15013
TSLA,2026-03-10 11:35:00,652.43,653.75,652.39,653.68,44704
AAPL,2026-03-10 11:36:00,152.38,152.39,152.17,152.22,42149
TSLA,2026-03-10 11:36:00,653.68,653.85,652.9,652.92,9930
AAPL,2026-03-10 11:37:00,152.22,152.26,151.96,152.17,48252
TSLA,2026-03-10 11:37:00,652.92,652.96,652.89,652.93,33534
TSLA,2026-03-10 11:38:00,652.93,652.96,649.73,649.89,30212
AAPL,2026-03-10 11:38:00,152.17,152.37,151.92,152.17,49138
TSLA,2026-03-10 11:39:00,649.89,650.93,649.7,650.86,36198
AAPL,2026-03-10 11:39:00,152.17,152.28,152.1,152.18,37712
TSLA,2026-03-10 11:40:00,650.86,651.0,650.78,650.89,25673
AAPL,2026-03-10 11:40:00,152.18,152.28,152.0,152.25,13722
TSLA,2026-03-10 11:41:00,650.89,650.95,649.52,649.71,48717
AAPL,2026-03-10 11:41:00,152.25,152.56,152.15,152.33,49403
TSLA,2026-03-10 11:42:00,649.71,649.86,649.57,649.75,7768
AAPL,2026-03-10 11:42:00,152.33,152.37,152.14,152.16,26891
TSLA,2026-03-10 11:43:00,649.75,652.25,649.5,652.2,37245
AAPL,2026-03-10 11:43:00,152.16,152.26,152.13,152.2,40217
TSLA,2026-03-10 11:44:00,652.2,652.61,652.16,652.57,32676
AAPL,2026-03-10 11:44:00,152.2,152.68,152.18,152.55,36032
TSLA,2026-03-10 11:45:00,652.57,653.44,652.43,653.32,19526
AAPL,2026-03-10 11:45:00,152.55,152.68,152.14,152.32,7533
TSLA,2026-03-10 11:46:00,653.32,653.85,653.1,653.72,8828
AAPL,2026-03-10 11:46:00,152.32,152.53,152.23,152.41,22882
TSLA,2026-03-10 11:47:00,653.72,653.78,652.29,652.29,46998
AAPL,2026-03-10 11:47:00,152.41,152.5,152.17,152.31,18084
TSLA,2026-03-10 11:48:00,652.29,652.39,648.82,648.92,29379
AAPL,2026-03-10 11:48:00,152.31,152.49,152.27,152.29,35723
AAPL,2026-03-10 11:49:00,152.29,152.58,152.11,152.15,29839
TSLA,2026-03-10 11:49:00,648.92,649.14,646.38,646.42,5934
AAPL,2026-03-10 11:50:00,152.15,152.38,152.1,152.29,9811
TSLA,2026-03-10 11:50:00,646.42,646.47,646.32,646.32,43657
TSLA,2026-03-10 11:51:00,646.32,646.33,644.84,644.91,19826
AAPL,2026-03-10 11:51:00,152.29,152.41,152.08,152.39,40145
AAPL,2026-03-10 11:52:00,152.39,152.48,152.37,152.41,25848
TSLA,2026-03-10 11:52:00,644.91,644.94,643.39,643.47,21914
AAPL,2026-03-10 11:53:00,152.41,152.44,151.86,151.91,5282
TSLA,2026-03-10 11:53:00,643.47,643.47,642.52,642.54,37067
TSLA,2026-03-10 11:54:00,642.54,643.21,642.35,643.14,11601
AAPL,2026-03-10 11:54:00,151.91,152.11,151.71,152.01,27352
TSLA,2026-03-10 11:55:00,643.14,643.22,640.18,640.21,44017
AAPL,2026-03-10 11:55:00,152.01,152.15,151.94,152.03,23766
TSLA,2026-03-10 11:56:00,640.21,640.29,639.44,639.57,47793
AAPL,2026-03-10 11:56:00,152.03,152.25,151.96,152.23,16192
AAPL,2026-03-10 11:57:00,152.23,152.54,152.16,152.43,20013
TSLA,2026-03-10 11:57:00,639.57,640.65,639.54,640.58,46946
AAPL,2026-03-10 11:58:00,152.43,152.53,152.22,152.37,41567
TSLA,2026-03-10 11:58:00,640.58,640.72,639.23,639.38,28492
AAPL,2026-03-10 11:59:00,152.37,152.52,152.23,152.28,44275
TSLA,2026-03-10 11:59:00,639.38,639.45,637.29,637.31,32351
AAPL,2026-03-10 12:00:00,152.28,152.4,152.25,152.35,15468
TSLA,2026-03-10 12:00:00,637.31,637.35,637.1,637.13,8300
TSLA,2026-03-10 12:01:00,637.13,637.25,636.64,636.67,42361
AAPL,2026-03-10 12:01:00,152.35,152.39,152.18,152.34,49992
TSLA,2026-03-10 12:02:00,636.67,636.81,633.81,633.93,36162
AAPL,2026-03-10 12:02:00,152.34,152.62,152.22,152.61,15946
TSLA,2026-03-10 12:03:00,633.93,634.0,632.54,632.65,17258
AAPL,2026-03-10 12:03:00,152.61,152.67,152.25,152.31,49977
AAPL,2026-03-10 12:04:00,152.31,152.35,152.03,152.23,12584
TSLA,2026-03-10 12:04:00,632.65,633.51,632.6,633.49,6481
AAPL,2026-03-10 12:05:00,152.23,152.27,151.94,152.11,34272
TSLA,2026-03-10 12:05:00,633.49,633.6,632.98,633.21,18127
TSLA,2026-03-10 12:06:00,633.21,633.24,630.43,630.47,11078
AAPL,2026-03-10 12:06:00,152.11,152.19,151.98,152.04,19816
AAPL,2026-03-10 12:07:00,152.04,152.13,151.67,151.82,27653
TSLA,2026-03-10 12:07:00,630.47,630.6,629.58,629.72,7298
TSLA,2026-03-10 12:08:00,629.72,629.82,629.41,629.47,9851
AAPL,2026-03-10 12:08:00,151.82,151.85,151.64,151.72,45398
AAPL,2026-03-10 12:09:00,151.72,151.86,151.55,151.68,39528
TSLA,2026-03-10 12:09:00,629.47,629.49,627.53,627.61,48234
AAPL,2026-03-10 12:10:00,151.68,151.8,151.55,151.73,45428
TSLA,2026-03-10 12:10:00,627.61,628.52,627.5,628.52,7802
AAPL,2026-03-10 12:11:00,151.73,151.87,151.58,151.61,32677
TSLA,2026-03-10 12:11:00,628.52,628.55,626.42,626.45,37038
AAPL,2026-03-10 12:12:00,151.61,151.74,151.32,151.37,49506
TSLA,2026-03-10 12:12:00,626.45,626.47,624.19,624.26,46678
AAPL,2026-03-10 12:13:00,151.37,151.39,151.34,151.36,18412
TSLA,2026-03-10 12:13:00,624.26,624.4,622.22,622.28,19731
AAPL,2026-03-10 12:14:00,151.36,151.47,151.06,151.08,38584
TSLA,2026-03-10 12:14:00,622.28,622.33,620.67,620.78,27107
AAPL,2026-03-10 12:15:00,151.08,151.13,150.77,150.79,32156
TSLA,2026-03-10 12:15:00,620.78,621.0,620.69,620.72,48693
TSLA,2026-03-10 12:16:00,620.72,620.98,620.5,620.72,10125
AAPL,2026-03-10 12:16:00,150.79,151.09,150.79,150.97,26955
AAPL,2026-03-10 12:17:00,150.97,151.03,150.91,150.97,17570
TSLA,2026-03-10 12:17:00,620.72,620.75,619.64,619.67,38737
AAPL,2026-03-10 12:18:00,150.97,151.13,150.87,151.12,42856
TSLA,2026-03-10 12:18:00,619.67,620.56,619.58,620.5,31648
AAPL,2026-03-10 12:19:00,151.12,151.45,150.92,151.28,12934
TSLA,2026-03-10 12:19:00,620.5,621.97,620.31,621.91,33414
AAPL,2026-03-10 12:20:00,151.28,151.72,151.15,151.51,42708
TSLA,2026-03-10 12:20:00,621.91,622.48,621.9,622.47,14474
AAPL,2026-03-10 12:21:00,151.51,151.59,151.24,151.36,43852
TSLA,2026-03-10 12:21:00,622.47,623.68,622.44,623.61,18904
AAPL,2026-03-10 12:22:00,151.36,151.75,151.32,151.71,11499
TSLA,2026-03-10 12:22:00,623.61,625.09,623.51,624.99,23675
AAPL,2026-03-10 12:23:00,151.71,151.83,151.54,151.75,18366
TSLA,2026-03-10 12:23:00,624.99,625.36,624.96,625.32,24610
AAPL,2026-03-10 12:24:00,151.75,151.97,151.66,151.95,8717
TSLA,2026-03-10 12:24:00,625.32,625.34,623.86,623.98,5380
AAPL,2026-03-10 12:25:00,151.95,151.98,151.77,151.79,5197
TSLA,2026-03-10 12:25:00,623.98,626.03,623.8,625.77,16672
AAPL,2026-03-10 12:26:00,151.79,151.96,151.64,151.7,8851
TSLA,2026-03-10 12:26:00,625.77,628.96,625.75,628.92,44680
AAPL,2026-03-10 12:27:00,151.7,151.73,151.62,151.7,9205
TSLA,2026-03-10 12:27:00,628.92,629.95,628.91,629.76,20033
AAPL,2026-03-10 12:28:00,151.7,151.85,151.67,151.68,42619
TSLA,2026-03-10 12:28:00,629.76,630.85,629.66,630.74,9496
AAPL,2026-03-10 12:29:00,151.68,151.79,151.45,151.46,43592
TSLA,2026-03-10 12:29:00,630.74,632.31,630.64,632.21,38525
TSLA,2026-03-10 12:30:00,632.21,632.26,628.38,628.6,12665
AAPL,2026-03-10 12:30:00,151.46,151.76,151.18,151.66,35188
TSLA,2026-03-10 12:31:00,628.6,628.63,627.68,627.75,26445
AAPL,2026-03-10 12:31:00,151.66,152.13,151.58,151.98,11258
TSLA,2026-03-10 12:32:00,627.75,629.61,627.74,629.54,23809
AAPL,2026-03-10 12:32:00,151.98,152.15,151.95,152.0,16472
TSLA,2026-03-10 12:33:00,629.54,629.76,627.72,627.82,40967
AAPL,2026-03-10 12:33:00,152.0,152.29,151.99,152.21,36378
TSLA,2026-03-10 12:34:00,627.82,627.89,625.68,625.84,14790
AAPL,2026-03-10 12:34:00,152.21,152.34,151.77,151.78,5053
TSLA,2026-03-10 12:35:00,625.84,625.86,624.66,624.94,48924
AAPL,2026-03-10 12:35:00,151.78,151.8,151.62,151.64,20379
TSLA,2026-03-10 12:36:00,624.94,626.06,624.9,626.03,42978
AAPL,2026-03-10 12:36:00,151.64,151.73,151.53,151.6,13424
TSLA,2026-03-10 12:37:00,626.03,626.06,624.39,624.51,29889
AAPL,2026-03-10 12:37:00,151.6,151.65,151.44,151.6,10242
AAPL,2026-03-10 12:38:00,151.6,151.92,151.59,151.77,30163
TSLA,2026-03-10 12:38:00,624.51,626.51,624.5,626.46,11635
AAPL,2026-03-10 12:39:00,151.77,151.79,151.48,151.63,47081
TSLA,2026-03-10 12:39:00,626.46,627.45,626.44,627.41,25458
AAPL,2026-03-10 12:40:00,151.63,151.71,151.48,151.48,9536
TSLA,2026-03-10 12:40:00,627.41,627.42,624.28,624.34,35470
AAPL,2026-03-10 12:41:00,151.48,151.51,151.33,151.38,8157
TSLA,2026-03-10 12:41:00,624.34,624.53,622.6,622.87,29514
AAPL,2026-03-10 12:42:00,151.38,151.72,151.33,151.61,25255
TSLA,2026-03-10 12:42:00,622.87,623.37,622.79,623.25,31291
AAPL,2026-03-10 12:43:00,151.61,151.69,151.49,151.65,34620
TSLA,2026-03-10 12:43:00,623.25,625.53,623.13,625.41,22469
AAPL,2026-03-10 12:44:00,151.65,151.72,151.54,151.62,29687
TSLA,2026-03-10 12:44:00,625.41,626.78,625.33,626.7,23010
AAPL,2026-03-10 12:45:00,151.62,151.7,151.33,151.35,21109
TSLA,2026-03-10 12:45:00,626.7,626.82,623.18,623.2,24749
TSLA,2026-03-10 12:46:00,623.2,623.26,621.7,621.82,40721
AAPL,2026-03-10 12:46:00,151.35,151.48,151.13,151.4,43342
TSLA,2026-03-10 12:47:00,621.82,621.97,617.19,617.28,45865
AAPL,2026-03-10 12:47:00,151.4,151.59,151.36,151.44,15479
TSLA,2026-03-10 12:48:00,617.28,620.53,617.23,620.39,27229
AAPL,2026-03-10 12:48:00,151.44,151.53,151.21,151.22,35356
TSLA,2026-03-10 12:49:00,620.39,620.5,620.34,620.42,40915
AAPL,2026-03-10 12:49:00,151.22,151.35,150.93,151.09,9180
TSLA,2026-03-10 12:50:00,620.42,622.83,620.36,622.8,22478
AAPL,2026-03-10 12:50:00,151.09,151.39,150.99,151.31,20234
AAPL,2026-03-10 12:51:00,151.31,151.32,151.16,151.3,21382
TSLA,2026-03-10 12:51:00,622.8,622.85,620.65,620.7,43549
AAPL,2026-03-10 12:52:00,151.3,151.46,151.11,151.15,28195
TSLA,2026-03-10 12:52:00,620.7,620.92,619.72,619.8,38326
AAPL,2026-03-10 12:53:00,151.15,151.23,150.91,150.96,26783
TSLA,2026-03-10 12:53:00,619.8,622.94,619.75,622.85,23398
TSLA,2026-03-10 12:54:00,622.85,622.95,621.18,621.31,24939
AAPL,2026-03-10 12:54:00,150.96,151.03,150.6,150.77,42452
TSLA,2026-03-10 12:55:00,621.31,623.61,621.31,623.59,45121
AAPL,2026-03-10 12:55:00,150.77,150.82,150.62,150.71,26711
TSLA,2026-03-10 12:56:00,623.59,623.66,622.36,622.42,36455
AAPL,2026-03-10 12:56:00,150.71,150.92,150.66,150.8,18038
AAPL,2026-03-10 12:57:00,150.8,150.88,150.41,150.48,34431
TSLA,2026-03-10 12:57:00,622.42,622.5,618.81,618.85,32812
TSLA,2026-03-10 12:58:00,618.85,618.85,618.11,618.24,45827
AAPL,2026-03-10 12:58:00,150.48,150.59,150.35,150.36,33395
TSLA,2026-03-10 12:59:00,618.24,620.02,618.18,619.74,23526
AAPL,2026-03-10 12:59:00,150.36,150.62,150.3,150.56,46597
AAPL,2026-03-10 13:00:00,150.56,150.77,150.44,150.75,29784
TSLA,2026-03-10 13:00:00,619.74,622.46,619.63,622.33,39968
TSLA,2026-03-10 13:01:00,622.33,622.42,620.78,620.86,13402
AAPL,2026-03-10 13:01:00,150.75,150.87,150.49,150.6,35034
AAPL,2026-03-10 13:02:00,150.6,151.16,150.55,151.08,33951
TSLA,2026-03-10 13:02:00,620.86,621.01,618.55,618.62,23923
AAPL,2026-03-10 13:03:00,151.08,151.15,150.97,151.0,17560
TSLA,2026-03-10 13:03:00,618.62,621.11,618.58,621.06,40071
TSLA,2026-03-10 13:04:00,621.06,621.11,620.88,620.98,45531
AAPL,2026-03-10 13:04:00,151.0,151.19,150.91,151.05,5765
AAPL,2026-03-10 13:05:00,151.05,151.25,150.98,151.05,8984
TSLA,2026-03-10 13:05:00,620.98,621.52,620.88,621.46,42788
AAPL,2026-03-10 13:06:00,151.05,151.13,150.92,151.1,23922
TSLA,2026-03-10 13:06:00,621.46,621.48,621.31,621.38,13008
TSLA,2026-03-10 13:07:00,621.38,622.08,621.34,622.08,22009
AAPL,2026-03-10 13:07:00,151.1,151.16,150.91,151.05,20781
TSLA,2026-03-10 13:08:00,622.08,627.82,621.95,627.68,27489
AAPL,2026-03-10 13:08:00,151.05,151.21,150.99,151.03,49231
TSLA,2026-03-10 13:09:00,627.68,628.49,627.64,628.41,48195
AAPL,2026-03-10 13:09:00,151.03,151.23,150.95,151.23,45283
AAPL,2026-03-10 13:10:00,151.23,151.66,151.11,151.58,34080
TSLA,2026-03-10 13:10:00,628.41,629.95,628.34,629.91,16772
AAPL,2026-03-10 13:11:00,151.58,151.59,151.26,151.31,34545
TSLA,2026-03-10 13:11:00,629.91,630.69,629.84,630.63,18919
TSLA,2026-03-10 13:12:00,630.63,630.68,630.25,630.36,21594
AAPL,2026-03-10 13:12:00,151.31,151.78,151.27,151.69,34732
AAPL,2026-03-10 13:13:00,151.69,152.14,151.62,151.96,5619
TSLA,2026-03-10 13:13:00,630.36,632.59,630.17,632.5,40480
TSLA,2026-03-10 13:14:00,632.5,632.65,631.26,631.29,6576
AAPL,2026-03-10 13:14:00,151.96,152.1,151.7,152.07,42343
AAPL,2026-03-10 13:15:00,152.07,152.23,151.76,151.87,23093
TSLA,2026-03-10 13:15:00,631.29,632.51,631.24,632.5,38083
AAPL,2026-03-10 13:16:00,151.87,152.02,151.67,151.92,34172
TSLA,2026-03-10 13:16:00,632.5,633.62,632.48,633.55,10172
AAPL,2026-03-10 13:17:00,151.92,151.94,151.92,151.93,10579
TSLA,2026-03-10 13:17:00,633.55,633.7,633.52,633.7,12371
AAPL,2026-03-10 13:18:00,151.93,151.94,151.89,151.93,28528
TSLA,2026-03-10 13:18:00,633.7,634.08,633.7,634.03,43244
TSLA,2026-03-10 13:19:00,634.03,636.29,634.0,636.2,23599
AAPL,2026-03-10 13:19:00,151.93,152.09,151.87,152.05,37433
TSLA,2026-03-10 13:20:00,636.2,636.24,635.76,635.85,31324
AAPL,2026-03-10 13:20:00,152.05,152.19,151.77,151.99,39689
TSLA,2026-03-10 13:21:00,635.85,635.89,634.73,634.91,35563
AAPL,2026-03-10 13:21:00,151.99,152.11,151.77,151.87,5942
AAPL,2026-03-10 13:22:00,151.87,151.96,151.74,151.96,21040
TSLA,2026-03-10 13:22:00,634.91,634.92,632.69,632.74,9539
AAPL,2026-03-10 13:23:00,151.96,152.25,151.85,152.16,31744
TSLA,2026-03-10 13:23:00,632.74,632.85,632.1,632.17,26844
AAPL,2026-03-10 13:24:00,152.16,152.2,152.06,152.06,22770
TSLA,2026-03-10 13:24:00,632.17,632.26,632.14,632.22,49803
TSLA,2026-03-10 13:25:00,632.22,632.25,631.38,631.42,8264
AAPL,2026-03-10 13:25:00,152.06,152.45,151.95,152.3,13861
AAPL,2026-03-10 13:26:00,152.3,152.59,152.27,152.46,20439
TSLA,2026-03-10 13:26:00,631.42,631.49,627.52,627.58,37378
TSLA,2026-03-10 13:27:00,627.58,627.69,626.81,626.81,14642
AAPL,2026-03-10 13:27:00,152.46,152.49,152.29,152.37,40136
TSLA,2026-03-10 13:28:00,626.81,626.85,624.97,625.09,47745
AAPL,2026-03-10 13:28:00,152.37,152.44,152.19,152.25,40015
TSLA,2026-03-10 13:29:00,625.09,626.22,625.0,626.15,43439
AAPL,2026-03-10 13:29:00,152.25,152.43,152.23,152.34,39306
TSLA,2026-03-10 13:30:00,626.15,626.17,625.78,625.8,37736
AAPL,2026-03-10 13:30:00,152.34,152.43,152.23,152.3,24201
AAPL,2026-03-10 13:31:00,152.3,152.43,152.12,152.19,42678
TSLA,2026-03-10 13:31:00,625.8,628.46,625.77,628.27,43120
TSLA,2026-03-10 13:32:00,628.27,628.28,625.87,625.99,23115
AAPL,2026-03-10 13:32:00,152.19,152.24,152.16,152.19,15123
TSLA,2026-03-10 13:33:00,625.99,626.0,624.89,625.02,28636
AAPL,2026-03-10 13:33:00,152.19,152.62,152.02,152.44,25488
TSLA,2026-03-10 13:34:00,625.02,627.76,624.86,627.74,8146
AAPL,2026-03-10 13:34:00,152.44,152.46,152.1,152.19,41029
TSLA,2026-03-10 13:35:00,627.74,629.86,627.7,629.84,43834
AAPL,2026-03-10 13:35:00,152.19,152.25,152.01,152.03,36211
AAPL,2026-03-10 13:36:00,152.03,152.07,152.0,152.06,13807
TSLA,2026-03-10 13:36:00,629.84,630.01,629.54,629.69,30952
AAPL,2026-03-10 13:37:00,152.06,152.15,151.74,151.85,8298
TSLA,2026-03-10 13:37:00,629.69,630.28,629.61,630.28,15921
AAPL,2026-03-10 13:38:00,151.85,152.34,151.82,152.0,40392
TSLA,2026-03-10 13:38:00,630.28,630.98,630.25,630.8,25666
AAPL,2026-03-10 13:39:00,152.0,152.18,151.78,152.03,14821
TSLA,2026-03-10 13:39:00,630.8,630.81,626.82,626.82,26042
TSLA,2026-03-10 13:40:00,626.82,627.03,625.91,626.04,15865
AAPL,2026-03-10 13:40:00,152.03,152.06,151.81,151.9,42740
AAPL,2026-03-10 13:41:00,151.9,152.11,151.78,151.79,22225
TSLA,2026-03-10 13:41:00,626.04,629.29,625.89,629.2,49845
AAPL,2026-03-10 13:42:00,151.79,152.29,151.63,152.2,23456
TSLA,2026-03-10 13:42:00,629.2,629.38,629.01,629.23,5569
AAPL,2026-03-10 13:43:00,152.2,152.26,151.99,152.05,38294
TSLA,2026-03-10 13:43:00,629.23,629.29,628.06,628.23,23356
AAPL,2026-03-10 13:44:00,152.05,152.13,151.88,151.99,32657
TSLA,2026-03-10 13:44:00,628.23,628.98,628.22,628.83,18243
TSLA,2026-03-10 13:45:00,628.83,629.65,628.82,629.54,28688
AAPL,2026-03-10 13:45:00,151.99,152.21,151.88,152.15,5868
AAPL,2026-03-10 13:46:00,152.15,152.27,152.07,152.2,10477
TSLA,2026-03-10 13:46:00,629.54,629.55,627.15,627.28,47685
AAPL,2026-03-10 13:47:00,152.2,152.7,152.15,152.58,19276
TSLA,2026-03-10 13:47:00,627.28,627.31,625.84,626.02,13289
AAPL,2026-03-10 13:48:00,152.58,152.66,152.28,152.28,35472
TSLA,2026-03-10 13:48:00,626.02,627.83,625.94,627.68,5210
AAPL,2026-03-10 13:49:00,152.28,152.42,152.28,152.38,37391
TSLA,2026-03-10 13:49:00,627.68,629.37,627.67,629.34,30939
AAPL,2026-03-10 13:50:00,152.38,152.54,152.37,152.38,48056
TSLA,2026-03-10 13:50:00,629.34,629.75,629.22,629.63,19536
TSLA,2026-03-10 13:51:00,629.63,634.11,629.57,634.08,34854
AAPL,2026-03-10 13:51:00,152.38,152.44,152.38,152.42,24193
AAPL,2026-03-10 13:52:00,152.42,152.58,152.09,152.27,27634
TSLA,2026-03-10 13:52:00,634.08,639.07,634.06,639.03,5926
AAPL,2026-03-10 13:53:00,152.27,152.5,152.27,152.5,15315
TSLA,2026-03-10 13:53:00,639.03,640.95,638.97,640.85,30710
AAPL,2026-03-10 13:54:00,152.5,152.77,152.42,152.66,41921
TSLA,2026-03-10 13:54:00,640.85,641.69,640.67,641.66,38614
AAPL,2026-03-10 13:55:00,152.66,152.67,152.37,152.41,34724
TSLA,2026-03-10 13:55:00,641.66,642.54,641.62,642.49,45105
TSLA,2026-03-10 13:56:00,642.49,642.49,640.72,640.81,18108
AAPL,2026-03-10 13:56:00,152.41,152.51,152.25,152.43,40975
TSLA,2026-03-10 13:57:00,640.81,640.92,640.61,640.62,5844
AAPL,2026-03-10 13:57:00,152.43,152.6,152.31,152.55,25200
AAPL,2026-03-10 13:58:00,152.55,152.96,152.54,152.88,32332
TSLA,2026-03-10 13:58:00,640.62,640.64,639.75,639.8,30256
AAPL,2026-03-10 13:59:00,152.88,153.07,152.75,152.99,40856
TSLA,2026-03-10 13:59:00,639.8,640.36,639.55,640.34,21333
AAPL,2026-03-10 14:00:00,152.99,153.04,152.8,152.88,39793
TSLA,2026-03-10 14:00:00,640.34,640.64,640.34,640.52,42662
TSLA,2026-03-10 14:01:00,640.52,643.54,640.51,643.46,39393
AAPL,2026-03-10 14:01:00,152.88,152.88,152.62,152.74,14761
TSLA,2026-03-10 14:02:00,643.46,644.19,643.45,644.17,8482
AAPL,2026-03-10 14:02:00,152.74,152.81,152.56,152.61,49304
TSLA,2026-03-10 14:03:00,644.17,646.06,643.99,646.02,11527
AAPL,2026-03-10 14:03:00,152.61,152.63,152.37,152.39,34406
AAPL,2026-03-10 14:04:00,152.39,152.51,152.31,152.44,39292
TSLA,2026-03-10 14:04:00,646.02,646.91,645.89,646.79,5519
TSLA,2026-03-10 14:05:00,646.79,646.86,644.34,644.35,42272
AAPL,2026-03-10 14:05:00,152.44,152.56,152.41,152.48,16399
TSLA,2026-03-10 14:06:00,644.35,644.36,643.53,643.65,14112
AAPL,2026-03-10 14:06:00,152.48,152.58,152.4,152.53,44085
TSLA,2026-03-10 14:07:00,643.65,643.66,642.39,642.43,43342
AAPL,2026-03-10 14:07:00,152.53,152.64,152.37,152.52,31275
TSLA,2026-03-10 14:08:00,642.43,644.42,642.4,644.22,34007
AAPL,2026-03-10 14:08:00,152.52,152.79,152.1,152.26,47202
AAPL,2026-03-10 14:09:00,152.26,152.52,152.23,152.41,19175
TSLA,2026-03-10 14:09:00,644.22,646.63,644.18,646.51,24426
AAPL,2026-03-10 14:10:00,152.41,152.53,152.38,152.47,38099
TSLA,2026-03-10 14:10:00,646.51,647.23,646.47,647.18,36347
TSLA,2026-03-10 14:11:00,647.18,647.22,647.14,647.19,15212
AAPL,2026-03-10 14:11:00,152.47,152.53,152.12,152.33,28049
TSLA,2026-03-10 14:12:00,647.19,647.21,646.52,646.68,23166
AAPL,2026-03-10 14:12:00,152.33,152.4,152.3,152.34,35647
TSLA,2026-03-10 14:13:00,646.68,647.2,646.57,647.16,9374
AAPL,2026-03-10 14:13:00,152.34,152.35,151.92,152.01,33817
AAPL,2026-03-10 14:14:00,152.01,152.33,151.85,152.2,48622
TSLA,2026-03-10 14:14:00,647.16,647.28,644.84,644.85,18099
AAPL,2026-03-10 14:15:00,152.2,152.46,152.05,152.34,25433
TSLA,2026-03-10 14:15:00,644.85,644.88,644.8,644.83,8713
AAPL,2026-03-10 14:16:00,152.34,152.54,152.33,152.47,31876
TSLA,2026-03-10 14:16:00,644.83,646.9,644.69,646.84,32154
TSLA,2026-03-10 14:17:00,646.84,646.87,646.53,646.59,14533
AAPL,2026-03-10 14:17:00,152.47,152.54,152.27,152.27,36762
AAPL,2026-03-10 14:18:00,152.27,152.41,151.77,152.04,33683
TSLA,2026-03-10 14:18:00,646.59,647.03,646.54,646.99,13518
TSLA,2026-03-10 14:19:00,646.99,648.76,646.95,648.74,33231
AAPL,2026-03-10 14:19:00,152.04,152.21,152.0,152.12,5287
TSLA,2026-03-10 14:20:00,648.74,651.04,648.72,650.97,28155
AAPL,2026-03-10 14:20:00,152.12,152.37,151.98,152.26,34534
TSLA,2026-03-10 14:21:00,650.97,651.09,650.76,650.88,24544
AAPL,2026-03-10 14:21:00,152.26,152.33,152.19,152.28,49338
TSLA,2026-03-10 14:22:00,650.88,650.93,650.13,650.28,6407
AAPL,2026-03-10 14:22:00,152.28,152.48,152.11,152.15,40768
TSLA,2026-03-10 14:23:00,650.28,651.71,650.18,651.58,30956
AAPL,2026-03-10 14:23:00,152.15,152.31,152.14,152.28,27327
AAPL,2026-03-10 14:24:00,152.28,152.39,152.08,152.25,5463
TSLA,2026-03-10 14:24:00,651.58,652.85,651.55,652.74,20114
TSLA,2026-03-10 14:25:00,652.74,653.26,652.55,653.07,48360
AAPL,2026-03-10 14:25:00,152.25,152.38,152.18,152.24,27125
AAPL,2026-03-10 14:26:00,152.24,152.38,152.17,152.23,27456
TSLA,2026-03-10 14:26:00,653.07,653.23,647.22,647.25,26809
AAPL,2026-03-10 14:27:00,152.23,152.34,151.95,152.23,16436
TSLA,2026-03-10 14:27:00,647.25,648.05,647.2,648.01,41949
AAPL,2026-03-10 14:28:00,152.23,152.59,152.17,152.35,31971
TSLA,2026-03-10 14:28:00,648.01,651.4,648.01,651.3,16521
AAPL,2026-03-10 14:29:00,152.35,152.47,152.27,152.29,45926
TSLA,2026-03-10 14:29:00,651.3,655.86,651.24,655.79,30372
TSLA,2026-03-10 14:30:00,655.79,655.92,655.56,655.64,21206
AAPL,2026-03-10 14:30:00,152.29,152.41,152.2,152.28,22272
TSLA,2026-03-10 14:31:00,655.64,657.16,655.63,657.01,45650
AAPL,2026-03-10 14:31:00,152.28,152.48,151.89,151.96,12334
AAPL,2026-03-10 14:32:00,151.96,152.28,151.93,152.16,26087
TSLA,2026-03-10 14:32:00,657.01,658.34,656.99,658.28,29210
AAPL,2026-03-10 14:33:00,152.16,152.25,152.12,152.18,37391
TSLA,2026-03-10 14:33:00,658.28,659.29,658.09,659.21,43022
AAPL,2026-03-10 14:34:00,152.18,152.26,151.85,151.89,18383
TSLA,2026-03-10 14:34:00,659.21,659.47,659.12,659.37,27269
AAPL,2026-03-10 14:35:00,151.89,152.0,151.74,151.82,12051
TSLA,2026-03-10 14:35:00,659.37,659.4,659.05,659.06,26264
AAPL,2026-03-10 14:36:00,151.82,151.89,151.57,151.86,24240
TSLA,2026-03-10 14:36:00,659.06,661.72,658.95,661.63,17185
AAPL,2026-03-10 14:37:00,151.86,151.88,151.48,151.63,16912
TSLA,2026-03-10 14:37:00,661.63,662.45,661.41,662.34,32024
TSLA,2026-03-10 14:38:00,662.34,662.35,659.16,659.34,48826
AAPL,2026-03-10 14:38:00,151.63,151.69,151.33,151.41,32526
AAPL,2026-03-10 14:39:00,151.41,151.55,151.24,151.39,20693
TSLA,2026-03-10 14:39:00,659.34,659.42,658.03,658.09,6681
TSLA,2026-03-10 14:40:00,658.09,658.14,655.8,655.98,47675
AAPL,2026-03-10 14:40:00,151.39,151.57,151.35,151.53,33973
AAPL,2026-03-10 14:41:00,151.53,151.63,151.42,151.58,33315
TSLA,2026-03-10 14:41:00,655.98,656.03,652.92,652.94,16376
AAPL,2026-03-10 14:42:00,151.58,151.61,151.06,151.28,44621
TSLA,2026-03-10 14:42:00,652.94,652.99,650.75,650.9,40815
AAPL,2026-03-10 14:43:00,151.28,151.32,150.98,151.0,45405
TSLA,2026-03-10 14:43:00,650.9,651.78,650.76,651.61,32051
TSLA,2026-03-10 14:44:00,651.61,653.66,651.55,653.6,36296
AAPL,2026-03-10 14:44:00,151.0,151.12,150.93,151.05,7079
TSLA,2026-03-10 14:45:00,653.6,658.3,653.51,658.3,30050
AAPL,2026-03-10 14:45:00,151.05,151.1,150.97,150.98,28243
AAPL,2026-03-10 14:46:00,150.98,151.07,150.82,150.93,41838
TSLA,2026-03-10 14:46:00,658.3,658.35,657.07,657.32,28461
AAPL,2026-03-10 14:47:00,150.93,151.0,150.87,150.9,24497
TSLA,2026-03-10 14:47:00,657.32,659.38,657.24,659.31,5422
TSLA,2026-03-10 14:48:00,659.31,660.24,659.21,660.11,37243
AAPL,2026-03-10 14:48:00,150.9,151.14,150.79,151.09,19686
TSLA,2026-03-10 14:49:00,660.11,660.66,660.05,660.54,21298
AAPL,2026-03-10 14:49:00,151.09,151.58,150.89,151.5,32169
TSLA,2026-03-10 14:50:00,660.54,660.66,660.39,660.47,40512
AAPL,2026-03-10 14:50:00,151.5,151.65,151.34,151.61,19714
TSLA,2026-03-10 14:51:00,660.47,662.04,660.37,661.9,30889
AAPL,2026-03-10 14:51:00,151.61,151.93,151.57,151.91,11253
TSLA,2026-03-10 14:52:00,661.9,662.41,661.87,662.38,11437
AAPL,2026-03-10 14:52:00,151.91,152.05,151.74,151.83,40445
TSLA,2026-03-10 14:53:00,662.38,662.45,658.38,658.59,14877
AAPL,2026-03-10 14:53:00,151.83,151.85,151.67,151.69,35212
TSLA,2026-03-10 14:54:00,658.59,659.85,658.55,659.8,28627
AAPL,2026-03-10 14:54:00,151.69,151.79,151.45,151.47,22967
AAPL,2026-03-10 14:55:00,151.47,151.63,151.43,151.58,11879
TSLA,2026-03-10 14:55:00,659.8,662.34,659.6,662.22,33201
AAPL,2026-03-10 14:56:00,151.58,151.99,151.56,151.83,39709
TSLA,2026-03-10 14:56:00,662.22,662.35,661.79,661.86,21926
TSLA,2026-03-10 14:57:00,661.86,663.17,661.78,663.01,26833
AAPL,2026-03-10 14:57:00,151.83,151.98,151.6,151.62,25722
TSLA,2026-03-10 14:58:00,663.01,664.88,662.95,664.83,15833
AAPL,2026-03-10 14:58:00,151.62,151.84,151.58,151.77,14882
TSLA,2026-03-10 14:59:00,664.83,664.89,663.51,663.56,11229
AAPL,2026-03-10 14:59:00,151.77,152.04,151.69,152.02,39610
AAPL,2026-03-10 15:00:00,152.02,152.05,151.6,151.67,47627
TSLA,2026-03-10 15:00:00,663.56,663.75,663.52,663.72,41395
TSLA,2026-03-10 15:01:00,663.72,663.76,663.39,663.41,6347
AAPL,2026-03-10 15:01:00,151.67,152.05,151.55,151.91,49618
AAPL,2026-03-10 15:02:00,151.91,151.97,151.7,151.78,5293
TSLA,2026-03-10 15:02:00,663.41,664.52,663.34,664.24,47504
TSLA,2026-03-10 15:03:00,664.24,664.32,661.95,661.97,18840
AAPL,2026-03-10 15:03:00,151.78,151.96,151.77,151.86,45770
AAPL,2026-03-10 15:04:00,151.86,152.05,151.72,152.01,34904
TSLA,2026-03-10 15:04:00,661.97,665.89,661.92,665.75,16113
TSLA,2026-03-10 15:05:00,665.75,667.12,665.65,667.05,19703
AAPL,2026-03-10 15:05:00,152.01,152.62,151.99,152.34,23625
AAPL,2026-03-10 15:06:00,152.34,152.55,152.23,152.33,36813
TSLA,2026-03-10 15:06:00,667.05,667.9,666.96,667.86,30224
AAPL,2026-03-10 15:07:00,152.33,152.55,152.28,152.51,28032
TSLA,2026-03-10 15:07:00,667.86,669.42,667.78,669.33,32705
TSLA,2026-03-10 15:08:00,669.33,670.29,669.29,670.23,34055
AAPL,2026-03-10 15:08:00,152.51,153.04,152.45,152.88,38949
TSLA,2026-03-10 15:09:00,670.23,670.36,666.91,667.05,30971
AAPL,2026-03-10 15:09:00,152.88,152.97,152.84,152.95,26575
TSLA,2026-03-10 15:10:00,667.05,668.59,666.96,668.51,41305
AAPL,2026-03-10 15:10:00,152.95,153.08,152.46,152.5,44304
TSLA,2026-03-10 15:11:00,668.51,669.63,668.48,669.48,24392
AAPL,2026-03-10 15:11:00,152.5,152.81,152.35,152.71,45055
TSLA,2026-03-10 15:12:00,669.48,669.59,668.14,668.3,32267
AAPL,2026-03-10 15:12:00,152.71,153.06,152.65,152.98,45759
TSLA,2026-03-10 15:13:00,668.3,672.53,668.26,672.44,36602
AAPL,2026-03-10 15:13:00,152.98,153.18,152.94,153.11,36172
AAPL,2026-03-10 15:14:00,153.11,153.56,152.92,153.52,5790
TSLA,2026-03-10 15:14:00,672.44,672.96,672.4,672.86,21503
TSLA,2026-03-10 15:15:00,672.86,672.99,672.31,672.37,26328
AAPL,2026-03-10 15:15:00,153.52,153.85,153.47,153.76,19501
TSLA,2026-03-10 15:16:00,672.37,672.54,670.66,670.7,32765
AAPL,2026-03-10 15:16:00,153.76,153.83,153.66,153.77,17910
TSLA,2026-03-10 15:17:00,670.7,670.89,670.59,670.85,48869
AAPL,2026-03-10 15:17:00,153.77,154.19,153.66,154.06,48381
AAPL,2026-03-10 15:18:00,154.06,154.06,153.68,153.78,27444
TSLA,2026-03-10 15:18:00,670.85,671.88,670.83,671.63,37698
TSLA,2026-03-10 15:19:00,671.63,672.19,671.56,672.18,32145
AAPL,2026-03-10 15:19:00,153.78,153.95,153.56,153.83,13643
AAPL,2026-03-10 15:20:00,153.83,154.02,153.58,153.8,40208
TSLA,2026-03-10 15:20:00,672.18,674.42,672.08,674.3,22276
AAPL,2026-03-10 15:21:00,153.8,153.81,153.76,153.79,14439
TSLA,2026-03-10 15:21:00,674.3,674.35,672.52,672.59,22293
AAPL,2026-03-10 15:22:00,153.79,154.04,153.7,153.97,40072
TSLA,2026-03-10 15:22:00,672.59,673.99,672.46,673.99,35862
TSLA,2026-03-10 15:23:00,673.99,674.69,673.96,674.66,8037
AAPL,2026-03-10 15:23:00,153.97,154.28,153.87,154.16,19887
TSLA,2026-03-10 15:24:00,674.66,676.39,674.61,676.31,11461
AAPL,2026-03-10 15:24:00,154.16,154.41,154.06,154.3,11871
TSLA,2026-03-10 15:25:00,676.31,676.39,675.85,675.9,41050
AAPL,2026-03-10 15:25:00,154.3,154.38,153.92,154.1,44912
TSLA,2026-03-10 15:26:00,675.9,678.82,675.8,678.71,37302
AAPL,2026-03-10 15:26:00,154.1,154.52,154.08,154.43,28258
TSLA,2026-03-10 15:27:00,678.71,678.74,677.26,677.4,11591
AAPL,2026-03-10 15:27:00,154.43,154.63,154.32,154.53,7007
AAPL,2026-03-10 15:28:00,154.53,154.73,154.44,154.72,26127
TSLA,2026-03-10 15:28:00,677.4,677.46,675.01,675.06,24269
TSLA,2026-03-10 15:29:00,675.06,675.19,673.53,673.55,19890
AAPL,2026-03-10 15:29:00,154.72,154.73,154.29,154.46,41320
AAPL,2026-03-10 15:30:00,154.46,154.74,154.4,154.64,7617
TSLA,2026-03-10 15:30:00,673.55,675.24,673.5,675.16,49939
TSLA,2026-03-10 15:31:00,675.16,675.17,673.61,673.64,41996
AAPL,2026-03-10 15:31:00,154.64,154.75,154.56,154.7,45385
AAPL,2026-03-10 15:32:00,154.7,154.89,154.69,154.79,44627
TSLA,2026-03-10 15:32:00,673.64,673.68,673.2,673.32,47741
TSLA,2026-03-10 15:33:00,673.32,674.32,673.25,674.25,48176
AAPL,2026-03-10 15:33:00,154.79,155.02,154.77,154.99,15297
AAPL,2026-03-10 15:34:00,154.99,155.13,154.99,155.13,47144
TSLA,2026-03-10 15:34:00,674.25,676.86,674.23,676.74,36317
TSLA,2026-03-10 15:35:00,676.74,680.31,676.67,680.31,43459
AAPL,2026-03-10 15:35:00,155.13,155.35,155.11,155.29,30951
AAPL,2026-03-10 15:36:00,155.29,155.52,155.28,155.48,11457
TSLA,2026-03-10 15:36:00,680.31,680.4,679.64,679.73,13766
AAPL,2026-03-10 15:37:00,155.48,155.69,155.24,155.63,9636
TSLA,2026-03-10 15:37:00,679.73,679.76,677.32,677.33,9030
AAPL,2026-03-10 15:38:00,155.63,155.75,155.35,155.4,38958
TSLA,2026-03-10 15:38:00,677.33,678.7,677.27,678.53,19413
TSLA,2026-03-10 15:39:00,678.53,678.61,677.8,677.82,31254
AAPL,2026-03-10 15:39:00,155.4,155.49,155.18,155.24,25400
AAPL,2026-03-10 15:40:00,155.24,155.51,155.23,155.47,19487
TSLA,2026-03-10 15:40:00,677.82,677.94,677.54,677.61,23461
TSLA,2026-03-10 15:41:00,677.61,677.67,676.53,676.61,14024
AAPL,2026-03-10 15:41:00,155.47,155.64,155.36,155.62,39930
TSLA,2026-03-10 15:42:00,676.61,676.67,674.97,675.09,28698
AAPL,2026-03-10 15:42:00,155.62,155.81,155.51,155.57,49830
TSLA,2026-03-10 15:43:00,675.09,676.51,675.08,676.46,16174
AAPL,2026-03-10 15:43:00,155.57,156.24,155.55,156.12,47522
AAPL,2026-03-10 15:44:00,156.12,156.43,156.07,156.25,21346
TSLA,2026-03-10 15:44:00,676.46,677.85,676.41,677.81,17022
AAPL,2026-03-10 15:45:00,156.25,156.58,156.23,156.4,13313
TSLA,2026-03-10 15:45:00,677.81,677.89,677.28,677.34,9620
AAPL,2026-03-10 15:46:00,156.4,156.59,156.39,156.53,15229
TSLA,2026-03-10 15:46:00,677.34,677.95,677.21,677.9,18659
TSLA,2026-03-10 15:47:00,677.9,682.16,677.85,682.15,17673
AAPL,2026-03-10 15:47:00,156.53,156.58,156.21,156.37,19655
AAPL,2026-03-10 15:48:00,156.37,156.39,155.84,156.04,37311
TSLA,2026-03-10 15:48:00,682.15,683.6,682.07,683.52,19067
AAPL,2026-03-10 15:49:00,156.04,156.08,155.89,156.06,45332
TSLA,2026-03-10 15:49:00,683.52,683.54,682.76,682.77,6582
TSLA,2026-03-10 15:50:00,682.77,682.88,681.93,681.94,31377
AAPL,2026-03-10 15:50:00,156.06,156.22,155.91,156.18,27614
AAPL,2026-03-10 15:51:00,156.18,156.38,156.16,156.29,5442
TSLA,2026-03-10 15:51:00,681.94,683.52,681.87,683.31,14896
AAPL,2026-03-10 15:52:00,156.29,156.39,156.09,156.35,42142
TSLA,2026-03-10 15:52:00,683.31,686.04,683.18,685.98,23285
AAPL,2026-03-10 15:53:00,156.35,156.42,156.22,156.33,32511
TSLA,2026-03-10 15:53:00,685.98,689.18,685.87,689.02,30585
AAPL,2026-03-10 15:54:00,156.33,156.47,156.29,156.33,8007
TSLA,2026-03-10 15:54:00,689.02,689.29,688.93,689.16,44281
TSLA,2026-03-10 15:55:00,689.16,690.97,689.14,690.75,17471
AAPL,2026-03-10 15:55:00,156.33,156.58,156.33,156.51,32860
TSLA,2026-03-10 15:56:00,690.75,690.91,686.91,686.96,49656
AAPL,2026-03-10 15:56:00,156.51,156.53,156.39,156.5,22862
TSLA,2026-03-10 15:57:00,686.96,688.79,686.94,688.67,9348
AAPL,2026-03-10 15:57:00,156.5,156.52,156.09,156.16,40965
AAPL,2026-03-10 15:58:00,156.16,156.43,156.16,156.36,47387
TSLA,2026-03-10 15:58:00,688.67,691.18,688.53,691.05,15273
AAPL,2026-03-10 15:59:00,156.36,156.79,156.27,156.7,14729
TSLA,2026-03-10 15:59:00,691.05,691.11,688.41,688.46,29611
AAPL,2026-03-10 16:00:00,156.7,157.06,156.57,156.99,10146
TSLA,2026-03-10 16:00:00,688.46,688.59,686.5,686.52,46660
AAPL,2026-03-10 16:01:00,156.99,157.01,156.89,156.97,32787
TSLA,2026-03-10 16:01:00,686.52,688.48,686.47,688.46,47661
TSLA,2026-03-10 16:02:00,688.46,690.13,688.28,690.06,18082
AAPL,2026-03-10 16:02:00,156.97,157.34,156.95,157.07,49176
TSLA,2026-03-10 16:03:00,690.06,691.04,689.83,690.95,30044
AAPL,2026-03-10 16:03:00,157.07,157.16,157.04,157.16,29999
TSLA,2026-03-10 16:04:00,690.95,694.63,690.82,694.59,41568
AAPL,2026-03-10 16:04:00,157.16,157.28,157.07,157.16,48608
AAPL,2026-03-10 16:05:00,157.16,157.38,157.06,157.36,19103
TSLA,2026-03-10 16:05:00,694.59,694.61,693.4,693.55,25597
AAPL,2026-03-10 16:06:00,157.36,157.86,157.28,157.76,40712
TSLA,2026-03-10 16:06:00,693.55,693.6,691.88,691.94,33601
AAPL,2026-03-10 16:07:00,157.76,157.87,157.6,157.67,11729
TSLA,2026-03-10 16:07:00,691.94,692.12,689.12,689.14,33241
TSLA,2026-03-10 16:08:00,689.14,689.65,689.12,689.62,25825
AAPL,2026-03-10 16:08:00,157.67,157.72,157.42,157.51,36482
TSLA,2026-03-10 16:09:00,689.62,690.03,689.51,690.0,16892
AAPL,2026-03-10 16:09:00,157.51,157.65,157.27,157.3,37623
TSLA,2026-03-10 16:10:00,690.0,691.51,689.99,691.49,31158
AAPL,2026-03-10 16:10:00,157.3,157.36,156.91,157.12,45513
TSLA,2026-03-10 16:11:00,691.49,692.09,691.43,691.89,23544
AAPL,2026-03-10 16:11:00,157.12,157.2,157.1,157.15,15065
TSLA,2026-03-10 16:12:00,691.89,693.64,691.74,693.56,15916
AAPL,2026-03-10 16:12:00,157.15,157.4,157.14,157.36,39275
AAPL,2026-03-10 16:13:00,157.36,157.49,157.3,157.48,41469
TSLA,2026-03-10 16:13:00,693.56,693.64,691.03,691.12,18119
AAPL,2026-03-10 16:14:00,157.48,157.48,156.8,156.87,24620
TSLA,2026-03-10 16:14:00,691.12,695.0,690.92,694.94,37452
TSLA,2026-03-10 16:15:00,694.94,699.7,694.93,699.66,7128
AAPL,2026-03-10 16:15:00,156.87,157.09,156.86,157.01,13007
AAPL,2026-03-10 16:16:00,157.01,157.25,156.82,157.05,10534
TSLA,2026-03-10 16:16:00,699.66,699.81,698.67,698.68,15706
TSLA,2026-03-10 16:17:00,698.68,699.49,698.54,699.36,30434
AAPL,2026-03-10 16:17:00,157.05,157.23,157.04,157.2,20315
TSLA,2026-03-10 16:18:00,699.36,699.44,697.21,697.28,24426
AAPL,2026-03-10 16:18:00,157.2,157.2,157.08,157.12,38892
TSLA,2026-03-10 16:19:00,697.28,699.7,697.14,699.49,29123
AAPL,2026-03-10 16:19:00,157.12,157.14,156.79,156.98,38681
AAPL,2026-03-10 16:20:00,156.98,157.19,156.92,157.15,15237
TSLA,2026-03-10 16:20:00,699.49,699.52,698.56,698.68,35510
TSLA,2026-03-10 16:21:00,698.68,698.86,694.95,695.0,7206
AAPL,2026-03-10 16:21:00,157.15,157.21,157.04,157.19,21077
AAPL,2026-03-10 16:22:00,157.19,157.27,157.09,157.1,14998
TSLA,2026-03-10 16:22:00,695.0,696.27,694.9,696.24,41646
AAPL,2026-03-10 16:23:00,157.1,157.1,156.93,156.93,37149
TSLA,2026-03-10 16:23:00,696.24,698.7,696.2,698.66,19896
TSLA,2026-03-10 16:24:00,698.66,701.16,698.59,701.16,39625
AAPL,2026-03-10 16:24:00,156.93,157.08,156.81,156.96,17599
TSLA,2026-03-10 16:25:00,701.16,701.39,700.95,701.02,28797
AAPL,2026-03-10 16:25:00,156.96,157.12,156.9,157.03,49224
AAPL,2026-03-10 16:26:00,157.03,157.14,156.82,157.1,23494
TSLA,2026-03-10 16:26:00,701.02,702.38,701.01,702.33,27052
TSLA,2026-03-10 16:27:00,702.33,702.94,702.31,702.88,38097
AAPL,2026-03-10 16:27:00,157.1,157.4,156.99,157.34,18718
AAPL,2026-03-10 16:28:00,157.34,157.55,157.33,157.46,37402
TSLA,2026-03-10 16:28:00,702.88,702.91,701.07,701.11,47477
AAPL,2026-03-10 16:29:00,157.46,157.62,157.41,157.59,30816
TSLA,2026-03-10 16:29:00,701.11,702.44,701.08,702.4,28846
AAPL,2026-03-10 16:30:00,157.59,157.76,157.25,157.4,17131
TSLA,2026-03-10 16:30:00,702.4,705.38,702.33,705.22,40094
AAPL,2026-03-10 16:31:00,157.4,157.5,157.39,157.47,36347
TSLA,2026-03-10 16:31:00,705.22,705.38,703.9,703.98,36604
AAPL,2026-03-10 16:32:00,157.47,157.56,157.06,157.29,19314
TSLA,2026-03-10 16:32:00,703.98,706.26,703.79,706.22,12830
AAPL,2026-03-10 16:33:00,157.29,157.38,157.25,157.32,17438
TSLA,2026-03-10 16:33:00,706.22,706.31,704.95,704.98,27845
TSLA,2026-03-10 16:34:00,704.98,706.82,704.94,706.77,41385
AAPL,2026-03-10 16:34:00,157.32,157.43,157.28,157.3,21303
TSLA,2026-03-10 16:35:00,706.77,707.0,706.74,706.91,24532
AAPL,2026-03-10 16:35:00,157.3,157.49,157.28,157.36,35860
AAPL,2026-03-10 16:36:00,157.36,157.81,157.18,157.75,26384
TSLA,2026-03-10 16:36:00,706.91,706.96,706.28,706.3,7254
TSLA,2026-03-10 16:37:00,706.3,709.68,706.12,709.62,5987
AAPL,2026-03-10 16:37:00,157.75,157.82,157.75,157.77,25693
AAPL,2026-03-10 16:38:00,157.77,157.79,157.6,157.67,43443
TSLA,2026-03-10 16:38:00,709.62,711.3,709.55,711.22,10231
AAPL,2026-03-10 16:39:00,157.67,157.75,157.44,157.54,33564
TSLA,2026-03-10 16:39:00,711.22,712.88,711.09,712.81,21262
AAPL,2026-03-10 16:40:00,157.54,157.76,157.47,157.66,35318
TSLA,2026-03-10 16:40:00,712.81,712.86,712.15,712.22,33487
AAPL,2026-03-10 16:41:00,157.66,158.1,157.53,157.84,45033
TSLA,2026-03-10 16:41:00,712.22,713.6,712.15,713.38,38020
AAPL,2026-03-10 16:42:00,157.84,157.97,157.32,157.43,9787
TSLA,2026-03-10 16:42:00,713.38,714.46,713.38,714.42,41567
TSLA,2026-03-10 16:43:00,714.42,714.53,709.97,710.0,33697
AAPL,2026-03-10 16:43:00,157.43,157.57,157.43,157.47,6778
AAPL,2026-03-10 16:44:00,157.47,157.63,157.36,157.51,22039
TSLA,2026-03-10 16:44:00,710.0,710.07,709.01,709.05,21930
TSLA,2026-03-10 16:45:00,709.05,709.06,707.16,707.2,39865
AAPL,2026-03-10 16:45:00,157.51,157.81,157.46,157.74,49675
TSLA,2026-03-10 16:46:00,707.2,707.23,705.18,705.26,17720
AAPL,2026-03-10 16:46:00,157.74,157.76,157.63,157.7,36959
TSLA,2026-03-10 16:47:00,705.26,705.31,705.1,705.25,31215
AAPL,2026-03-10 16:47:00,157.7,157.81,157.57,157.78,24172
AAPL,2026-03-10 16:48:00,157.78,157.88,157.71,157.76,22343
TSLA,2026-03-10 16:48:00,705.25,705.26,704.14,704.15,40220
AAPL,2026-03-10 16:49:00,157.76,157.99,157.64,157.89,21208
TSLA,2026-03-10 16:49:00,704.15,704.23,702.61,702.66,14526
AAPL,2026-03-10 16:50:00,157.89,158.05,157.8,158.03,9786
TSLA,2026-03-10 16:50:00,702.66,702.74,701.63,701.7,47508
TSLA,2026-03-10 16:51:00,701.7,704.02,701.64,703.93,22744
AAPL,2026-03-10 16:51:00,158.03,158.18,157.96,158.16,43398
TSLA,2026-03-10 16:52:00,703.93,703.97,703.2,703.3,10812
AAPL,2026-03-10 16:52:00,158.16,158.16,158.06,158.08,38300
AAPL,2026-03-10 16:53:00,158.08,158.1,157.73,157.74,24537
TSLA,2026-03-10 16:53:00,703.3,704.3,703.27,704.23,10552
TSLA,2026-03-10 16:54:00,704.23,704.27,703.28,703.29,16618
AAPL,2026-03-10 16:54:00,157.74,158.14,157.68,158.04,30413
AAPL,2026-03-10 16:55:00,158.04,158.57,157.91,158.32,43466
TSLA,2026-03-10 16:55:00,703.29,704.72,703.19,704.68,9807
AAPL,2026-03-10 16:56:00,158.32,158.42,158.16,158.21,20931
TSLA,2026-03-10 16:56:00,704.68,709.93,704.56,709.92,29335
AAPL,2026-03-10 16:57:00,158.21,158.31,157.92,158.0,40036
TSLA,2026-03-10 16:57:00,709.92,710.32,709.71,710.29,21780
AAPL,2026-03-10 16:58:00,158.0,158.14,157.93,158.05,31023
TSLA,2026-03-10 16:58:00,710.29,714.22,710.19,714.11,34568
TSLA,2026-03-10 16:59:00,714.11,714.68,714.08,714.57,11425
AAPL,2026-03-10 16:59:00,158.05,158.1,157.96,158.09,35076
TSLA,2026-03-10 17:00:00,714.57,718.88,714.51,718.72,13625
AAPL,2026-03-10 17:00:00,158.09,158.25,157.98,158.07,15973
AAPL,2026-03-10 17:01:00,158.07,158.33,157.98,158.13,38425
TSLA,2026-03-10 17:01:00,718.72,719.18,718.72,719.11,38281
TSLA,2026-03-10 17:02:00,719.11,721.15,719.04,721.06,31359
AAPL,2026-03-10 17:02:00,158.13,158.38,158.05,158.08,25923
AAPL,2026-03-10 17:03:00,158.08,158.2,158.03,158.14,37343
TSLA,2026-03-10 17:03:00,721.06,721.18,720.12,720.16,25139
AAPL,2026-03-10 17:04:00,158.14,158.22,157.98,158.12,20430
TSLA,2026-03-10 17:04:00,720.16,720.2,716.64,716.65,36649
AAPL,2026-03-10 17:05:00,158.12,158.16,158.05,158.1,35696
TSLA,2026-03-10 17:05:00,716.65,717.36,716.59,717.32,16614
TSLA,2026-03-10 17:06:00,717.32,720.33,717.23,720.32,45252
AAPL,2026-03-10 17:06:00,158.1,158.18,158.06,158.17,34950
TSLA,2026-03-10 17:07:00,720.32,720.44,719.09,719.27,44970
AAPL,2026-03-10 17:07:00,158.17,158.26,158.15,158.22,45992
TSLA,2026-03-10 17:08:00,719.27,719.27,718.04,718.06,8670
AAPL,2026-03-10 17:08:00,158.22,158.48,157.96,158.13,7652
AAPL,2026-03-10 17:09:00,158.13,158.17,157.98,157.99,35292
TSLA,2026-03-10 17:09:00,718.06,718.13,716.27,716.37,48628
AAPL,2026-03-10 17:10:00,157.99,158.19,157.86,157.86,44391
TSLA,2026-03-10 17:10:00,716.37,717.66,716.28,717.63,43594
TSLA,2026-03-10 17:11:00,717.63,717.7,717.62,717.63,44363
AAPL,2026-03-10 17:11:00,157.86,157.94,157.42,157.58,42738
AAPL,2026-03-10 17:12:00,157.58,157.62,157.42,157.53,9682
TSLA,2026-03-10 17:12:00,717.63,717.73,717.45,717.47,15591
AAPL,2026-03-10 17:13:00,157.53,157.63,157.29,157.41,15182
TSLA,2026-03-10 17:13:00,717.47,718.97,717.42,718.96,36474
AAPL,2026-03-10 17:14:00,157.41,157.65,157.37,157.43,21568
TSLA,2026-03-10 17:14:00,718.96,722.43,718.95,722.19,19648
TSLA,2026-03-10 17:15:00,722.19,722.95,722.14,722.82,49855
AAPL,2026-03-10 17:15:00,157.43,157.74,157.39,157.58,39654
AAPL,2026-03-10 17:16:00,157.58,157.59,157.21,157.37,16228
TSLA,2026-03-10 17:16:00,722.82,723.44,722.72,723.3,10422
TSLA,2026-03-10 17:17:00,723.3,723.85,723.21,723.83,40025
AAPL,2026-03-10 17:17:00,157.37,157.4,157.34,157.39,42482
TSLA,2026-03-10 17:18:00,723.83,725.91,723.75,725.78,10262
AAPL,2026-03-10 17:18:00,157.39,157.52,157.27,157.27,40790
TSLA,2026-03-10 17:19:00,725.78,726.06,725.62,725.86,31329
AAPL,2026-03-10 17:19:00,157.27,157.38,157.03,157.08,19661
AAPL,2026-03-10 17:20:00,157.08,157.12,156.88,157.07,27430
TSLA,2026-03-10 17:20:00,725.86,726.83,725.79,726.79,46656
AAPL,2026-03-10 17:21:00,157.07,157.27,157.04,157.18,9873
TSLA,2026-03-10 17:21:00,726.79,726.82,724.42,724.45,14609
AAPL,2026-03-10 17:22:00,157.18,157.26,157.11,157.17,47071
TSLA,2026-03-10 17:22:00,724.45,726.08,724.38,726.07,23588
TSLA,2026-03-10 17:23:00,726.07,726.24,725.98,725.98,12495
AAPL,2026-03-10 17:23:00,157.17,157.2,156.83,156.93,14020
AAPL,2026-03-10 17:24:00,156.93,157.26,156.88,157.16,37456
TSLA,2026-03-10 17:24:00,725.98,726.16,725.65,725.76,21589
TSLA,2026-03-10 17:25:00,725.76,726.12,725.7,726.0,31256
AAPL,2026-03-10 17:25:00,157.16,157.23,157.13,157.2,19012
AAPL,2026-03-10 17:26:00,157.2,157.23,157.04,157.11,32889
TSLA,2026-03-10 17:26:00,726.0,726.24,725.39,725.46,32234
TSLA,2026-03-10 17:27:00,725.46,726.56,725.36,726.41,18833
AAPL,2026-03-10 17:27:00,157.11,157.32,157.05,157.22,29693
AAPL,2026-03-10 17:28:00,157.22,157.45,157.12,157.36,45681
TSLA,2026-03-10 17:28:00,726.41,727.13,726.38,727.06,13616
TSLA,2026-03-10 17:29:00,727.06,728.63,727.0,728.59,36242
AAPL,2026-03-10 17:29:00,157.36,157.47,157.16,157.43,47195
TSLA,2026-03-10 17:30:00,728.59,728.77,725.35,725.45,39079
AAPL,2026-03-10 17:30:00,157.43,157.53,157.32,157.38,7837
TSLA,2026-03-10 17:31:00,725.45,725.58,724.94,725.15,18310
AAPL,2026-03-10 17:31:00,157.38,157.39,157.08,157.11,47365
AAPL,2026-03-10 17:32:00,157.11,157.11,156.99,157.02,19145
TSLA,2026-03-10 17:32:00,725.15,725.52,725.15,725.45,6081
TSLA,2026-03-10 17:33:00,725.45,725.49,722.97,723.11,49660
AAPL,2026-03-10 17:33:00,157.02,157.22,156.98,157.2,41514
TSLA,2026-03-10 17:34:00,723.11,723.16,722.71,722.79,31925
AAPL,2026-03-10 17:34:00,157.2,157.2,156.84,156.85,20155
TSLA,2026-03-10 17:35:00,722.79,722.88,719.7,719.8,38764
AAPL,2026-03-10 17:35:00,156.85,156.87,156.7,156.86,6521
AAPL,2026-03-10 17:36:00,156.86,156.9,156.75,156.8,29750
TSLA,2026-03-10 17:36:00,719.8,723.05,719.77,723.02,44521
TSLA,2026-03-10 17:37:00,723.02,723.51,723.0,723.45,43232
AAPL,2026-03-10 17:37:00,156.8,156.84,156.5,156.55,33771
TSLA,2026-03-10 17:38:00,723.45,723.47,720.9,721.1,37217
AAPL,2026-03-10 17:38:00,156.55,156.81,156.5,156.72,24999
TSLA,2026-03-10 17:39:00,721.1,721.13,720.18,720.27,31003
AAPL,2026-03-10 17:39:00,156.72,156.89,156.61,156.81,8881
TSLA,2026-03-10 17:40:00,720.27,720.28,719.58,719.58,33138
AAPL,2026-03-10 17:40:00,156.81,156.83,156.64,156.77,36683
TSLA,2026-03-10 17:41:00,719.58,720.55,719.56,720.51,17663
AAPL,2026-03-10 17:41:00,156.77,157.27,156.68,157.18,26525
TSLA,2026-03-10 17:42:00,720.51,721.34,720.48,721.34,7122
AAPL,2026-03-10 17:42:00,157.18,157.35,157.08,157.33,45438
TSLA,2026-03-10 17:43:00,721.34,721.55,721.25,721.5,5182
AAPL,2026-03-10 17:43:00,157.33,157.52,157.24,157.49,46439
AAPL,2026-03-10 17:44:00,157.49,157.68,157.4,157.66,40501
TSLA,2026-03-10 17:44:00,721.5,723.25,721.48,723.2,39529
TSLA,2026-03-10 17:45:00,723.2,723.24,722.47,722.49,49591
AAPL,2026-03-10 17:45:00,157.66,157.85,157.43,157.43,6659
TSLA,2026-03-10 17:46:00,722.49,723.89,722.48,723.64,24666
AAPL,2026-03-10 17:46:00,157.43,157.57,157.11,157.14,18659
TSLA,2026-03-10 17:47:00,723.64,723.75,723.11,723.11,14202
AAPL,2026-03-10 17:47:00,157.14,157.33,157.11,157.19,41673
TSLA,2026-03-10 17:48:00,723.11,723.16,722.64,722.68,17167
AAPL,2026-03-10 17:48:00,157.19,157.42,157.08,157.28,14393
AAPL,2026-03-10 17:49:00,157.28,157.33,157.1,157.31,22625
TSLA,2026-03-10 17:49:00,722.68,722.94,722.51,722.85,40903
